<?xml version="1.0" encoding="UTF-8"?>
<!--炫彩界面库-列表元素项模板文件-->
<head>
	<bindJsFile value="" />
</head>
<xc_template_list showT="true">
	<listHeader_item showT="true" expandT="true">
		<layoutEleUI drawBorder="false" enableCanvas="false" heightT="30" layout.alignH="left" layout.alignV="center" layout.height="fill" layout.horizon="true" layout.space="2" layout.width="fill" mouseThrough="true" padding="2,2,2,2" showT="true" widthT="300" expandT="true">
			<shapeText content="公司名称" itemID="0" layout.height="fill" layout.width="auto" showT="true" expandT="true" />
		</layoutEleUI>
		<layoutEleUI drawBorder="false" enableCanvas="false" heightT="30" layout.alignH="left" layout.alignV="center" layout.height="fill" layout.horizon="true" layout.space="2" layout.width="fill" mouseThrough="true" padding="2,2,2,2" showT="true" widthT="300" expandT="true">
			<shapeText content="成立年份" itemID="0" layout.height="fill" layout.width="auto" showT="true" expandT="true" />
		</layoutEleUI>
		<layoutEleUI drawBorder="false" enableCanvas="false" heightT="30" layout.alignH="left" layout.alignV="center" layout.height="fill" layout.horizon="true" layout.width="fill" mouseThrough="true" showT="true" widthT="300" expandT="true">
			<shapeText content="员工数量" itemID="0" layout.height="fill" layout.width="auto" showT="true" expandT="true" />
		</layoutEleUI>
		<layoutEleUI drawBorder="false" enableCanvas="false" heightT="30" layout.alignH="left" layout.alignV="center" layout.height="fill" layout.horizon="true" layout.width="fill" mouseThrough="true" showT="true" widthT="300" expandT="true">
			<shapeText content="年营业额(美元)" itemID="0" layout.height="fill" layout.width="auto" showT="true" expandT="true" />
		</layoutEleUI>
		<layoutEleUI drawBorder="false" enableCanvas="false" heightT="30" layout.alignH="left" layout.alignV="center" layout.height="fill" layout.horizon="true" layout.width="fill" mouseThrough="true" showT="true" widthT="300" expandT="true">
			<shapeText content="联系电话" itemID="0" layout.height="fill" layout.width="auto" showT="true" expandT="true" />
		</layoutEleUI>
		<layoutEleUI drawBorder="false" enableCanvas="false" heightT="30" layout.alignH="left" layout.alignV="center" layout.height="fill" layout.horizon="true" layout.width="fill" mouseThrough="true" showT="true" widthT="300" expandT="true">
			<shapeText content="客户邮箱" itemID="0" layout.height="fill" layout.width="auto" showT="true" expandT="true" />
		</layoutEleUI>
		<layoutEleUI drawBorder="false" enableCanvas="false" heightT="30" layout.alignH="left" layout.alignV="center" layout.height="fill" layout.horizon="true" layout.width="fill" mouseThrough="true" showT="true" widthT="300" expandT="true">
			<shapeText content="联系人名字" itemID="0" layout.height="fill" layout.width="auto" showT="true" expandT="true" />
		</layoutEleUI>
		<layoutEleUI drawBorder="false" enableCanvas="false" heightT="30" layout.alignH="left" layout.alignV="center" layout.height="fill" layout.horizon="true" layout.width="fill" mouseThrough="true" showT="true" widthT="300" expandT="true">
			<shapeText content="Hunter数据" itemID="0" layout.height="fill" layout.width="auto" showT="true" expandT="true" />
		</layoutEleUI>
		<layoutEleUI drawBorder="false" enableCanvas="false" heightT="30" layout.alignH="left" layout.alignV="center" layout.height="fill" layout.horizon="true" layout.width="fill" mouseThrough="true" showT="true" widthT="300" expandT="true">
			<shapeText content="客户网址" itemID="0" layout.height="fill" layout.width="auto" showT="true" expandT="true" />
		</layoutEleUI>
		<layoutEleUI drawBorder="false" enableCanvas="false" heightT="30" layout.alignH="left" layout.alignV="center" layout.height="fill" layout.horizon="true" layout.width="fill" mouseThrough="true" showT="true" widthT="300" expandT="true">
			<shapeText content="客户类型" itemID="0" layout.height="fill" layout.width="auto" showT="true" expandT="true" />
		</layoutEleUI>
		<layoutEleUI drawBorder="false" enableCanvas="false" heightT="30" layout.alignH="left" layout.alignV="center" layout.height="fill" layout.horizon="true" layout.width="fill" mouseThrough="true" showT="true" widthT="300" expandT="true">
			<shapeText content="客户等级" itemID="0" layout.height="fill" layout.width="auto" showT="true" expandT="true" />
		</layoutEleUI>
		<layoutEleUI drawBorder="false" enableCanvas="false" heightT="30" layout.alignH="left" layout.alignV="center" layout.height="fill" layout.horizon="true" layout.width="fill" mouseThrough="true" showT="true" widthT="300" expandT="true">
			<shapeText content="最后跟进日期" itemID="0" layout.height="fill" layout.width="auto" showT="true" expandT="true" />
		</layoutEleUI>
		<layoutEleUI drawBorder="false" enableCanvas="false" heightT="30" layout.alignH="left" layout.alignV="center" layout.height="fill" layout.horizon="true" layout.width="fill" mouseThrough="true" showT="true" widthT="300" expandT="true">
			<shapeText content="备注" itemID="0" layout.height="fill" layout.width="auto" showT="true" expandT="true" />
		</layoutEleUI>
		<layoutEleUI drawBorder="false" enableCanvas="false" heightT="30" layout.alignH="left" layout.alignV="center" layout.height="fill" layout.horizon="true" layout.width="fill" mouseThrough="true" showT="true" widthT="300" expandT="true">
			<shapeText content="客户介绍" itemID="0" layout.height="fill" layout.width="auto" showT="true" expandT="true" />
		</layoutEleUI>
		<layoutEleUI drawBorder="false" enableCanvas="false" heightT="30" layout.alignH="left" layout.alignV="center" layout.height="fill" layout.horizon="true" layout.width="fill" mouseThrough="true" showT="true" widthT="300" expandT="true">
			<shapeText content="Facebook主页" itemID="0" layout.height="fill" layout.width="auto" showT="true" expandT="true" />
		</layoutEleUI>
		<layoutEleUI drawBorder="false" enableCanvas="false" heightT="30" layout.alignH="left" layout.alignV="center" layout.height="fill" layout.horizon="true" layout.width="fill" mouseThrough="true" showT="true" widthT="300" expandT="true">
			<shapeText content="领英主页" itemID="0" layout.height="fill" layout.width="auto" showT="true" expandT="true" />
		</layoutEleUI>
		<layoutEleUI drawBorder="false" enableCanvas="false" heightT="30" layout.alignH="left" layout.alignV="center" layout.height="fill" layout.horizon="true" layout.width="fill" mouseThrough="true" showT="true" widthT="300" expandT="true">
			<shapeText content="推特账号" itemID="0" layout.height="fill" layout.width="auto" showT="true" expandT="true" />
		</layoutEleUI>
		<layoutEleUI drawBorder="false" enableCanvas="false" heightT="30" layout.alignH="left" layout.alignV="center" layout.height="fill" layout.horizon="true" layout.width="fill" mouseThrough="true" showT="true" widthT="300" expandT="true">
			<shapeText content="行业" itemID="0" layout.height="fill" layout.width="auto" showT="true" expandT="true" />
		</layoutEleUI>
		<layoutEleUI drawBorder="false" enableCanvas="false" heightT="30" layout.alignH="left" layout.alignV="center" layout.height="fill" layout.horizon="true" layout.width="fill" mouseThrough="true" showT="true" widthT="300" expandT="true">
			<shapeText content="国家" itemID="0" layout.height="fill" layout.width="auto" showT="true" expandT="true" />
		</layoutEleUI>
		<layoutEleUI drawBorder="false" enableCanvas="false" heightT="30" layout.alignH="left" layout.alignV="center" layout.height="fill" layout.horizon="true" layout.width="fill" mouseThrough="true" showT="true" widthT="300" expandT="true">
			<shapeText content="地区" itemID="0" layout.height="fill" layout.width="auto" showT="true" expandT="true" />
		</layoutEleUI>
		<layoutEleUI drawBorder="false" enableCanvas="false" heightT="30" layout.alignH="left" layout.alignV="center" layout.height="fill" layout.horizon="true" layout.width="fill" mouseThrough="true" showT="true" widthT="300" expandT="true">
			<shapeText content="城市" itemID="0" layout.height="fill" layout.width="auto" showT="true" expandT="true" />
		</layoutEleUI>
		<layoutEleUI drawBorder="false" enableCanvas="false" heightT="30" layout.alignH="left" layout.alignV="center" layout.height="fill" layout.horizon="true" layout.width="fill" mouseThrough="true" showT="true" widthT="300" expandT="true">
			<shapeText content="详细地址" itemID="0" layout.height="fill" layout.width="auto" showT="true" expandT="true" />
		</layoutEleUI>
		<layoutEleUI drawBorder="false" enableCanvas="false" heightT="30" layout.alignH="left" layout.alignV="center" layout.height="fill" layout.horizon="true" layout.width="fill" mouseThrough="true" showT="true" widthT="300" expandT="true">
			<shapeText content="邮编" itemID="0" layout.height="fill" layout.width="auto" showT="true" expandT="true" />
		</layoutEleUI>
		<layoutEleUI drawBorder="false" enableCanvas="false" heightT="30" layout.alignH="left" layout.alignV="center" layout.height="fill" layout.horizon="true" layout.width="fill" mouseThrough="true" showT="true" widthT="300" expandT="true">
			<shapeText content="领英介绍" itemID="0" layout.height="fill" layout.width="auto" showT="true" expandT="true" />
		</layoutEleUI>
		<layoutEleUI drawBorder="false" enableCanvas="false" heightT="30" layout.alignH="left" layout.alignV="center" layout.height="fill" layout.horizon="true" layout.width="fill" mouseThrough="true" showT="true" widthT="300" expandT="true">
			<shapeText content="跟进人" itemID="0" layout.height="fill" layout.width="auto" showT="true" expandT="true" />
		</layoutEleUI>
		<layoutEleUI drawBorder="false" enableCanvas="false" heightT="30" layout.alignH="left" layout.alignV="center" layout.height="fill" layout.horizon="true" layout.width="fill" mouseThrough="true" showT="true" widthT="300" expandT="true">
			<shapeText content="导入日期" itemID="0" layout.height="fill" layout.width="auto" showT="true" expandT="true" />
		</layoutEleUI>
	</listHeader_item>
	<list_Item showT="true" expandT="true">
		<layoutEleUI drawBorder="false" enableCanvas="false" heightT="30" layout.alignH="left" layout.alignV="center" layout.height="fill" layout.horizon="true" layout.space="2" layout.width="fill" layoutControl="true" mouseThrough="true" padding="2,2,2,2" showT="true" widthT="300" expandT="false">
			<shapeText content="{binding field=CompanyName}" itemID="1" layout.height="fill" layout.width="auto" layoutControl="true" showT="true" expandT="true" />
		</layoutEleUI>
		<layoutEleUI drawBorder="false" enableCanvas="false" heightT="30" layout.alignH="left" layout.alignV="center" layout.height="fill" layout.horizon="true" layout.width="fill" layoutControl="true" mouseThrough="true" showT="true" widthT="300" expandT="false">
			<shapeText content="{binding field=YearFounded}" itemID="2" layout.height="fill" layout.width="auto" layoutControl="true" showT="true" expandT="true" />
		</layoutEleUI>
		<layoutEleUI drawBorder="false" enableCanvas="false" heightT="30" layout.alignH="left" layout.alignV="center" layout.height="fill" layout.horizon="true" layout.width="fill" layoutControl="true" mouseThrough="true" showT="true" widthT="300" expandT="false">
			<shapeText content="{binding field=EmployeesNum}" itemID="3" layout.height="fill" layout.width="auto" layoutControl="true" showT="true" expandT="true" />
		</layoutEleUI>
		<layoutEleUI drawBorder="false" enableCanvas="false" heightT="30" layout.alignH="left" layout.alignV="center" layout.height="fill" layout.horizon="true" layout.width="fill" mouseThrough="true" showT="true" widthT="300" expandT="false">
			<shapeText content="{binding field=AnnualRevenue}" itemID="4" layout.height="fill" layout.width="auto" layoutControl="true" showT="true" expandT="true" />
		</layoutEleUI>
		<layoutEleUI drawBorder="false" enableCanvas="false" heightT="30" layout.alignH="left" layout.alignV="center" layout.height="fill" layout.horizon="true" layout.width="fill" mouseThrough="true" showT="true" widthT="300" expandT="false">
			<shapeText content="{binding field=PhoneNumber}" itemID="5" layout.height="fill" layout.width="auto" layoutControl="true" showT="true" expandT="true" />
		</layoutEleUI>
		<layoutEleUI drawBorder="false" enableCanvas="false" heightT="30" layout.alignH="left" layout.alignV="center" layout.height="fill" layout.horizon="true" layout.width="fill" mouseThrough="true" showT="true" widthT="300" expandT="false">
			<shapeText content="{binding field=Email}" itemID="6" layout.height="fill" layout.width="auto" showT="true" expandT="true" />
		</layoutEleUI>
		<layoutEleUI drawBorder="false" enableCanvas="false" heightT="30" layout.alignH="left" layout.alignV="center" layout.height="fill" layout.horizon="true" layout.width="fill" mouseThrough="true" showT="true" widthT="300" expandT="false">
			<shapeText content="{binding field=KeyContact}" itemID="7" layout.height="fill" layout.width="auto" showT="true" expandT="true" />
		</layoutEleUI>
		<layoutEleUI drawBorder="false" enableCanvas="false" heightT="30" layout.alignH="left" layout.alignV="center" layout.height="fill" layout.horizon="true" layout.width="fill" mouseThrough="true" showT="true" widthT="300" expandT="false">
			<shapeText content="{binding field=HunterData}" itemID="8" layout.height="fill" layout.width="auto" showT="true" expandT="true" />
		</layoutEleUI>
		<layoutEleUI drawBorder="false" enableCanvas="false" heightT="30" layout.alignH="left" layout.alignV="center" layout.height="fill" layout.horizon="true" layout.width="fill" mouseThrough="true" showT="true" widthT="300" expandT="false">
			<shapeText content="{binding field=CompanyDomain}" itemID="9" layout.height="fill" layout.width="auto" showT="true" expandT="true" />
		</layoutEleUI>
		<layoutEleUI drawBorder="false" enableCanvas="false" heightT="30" layout.alignH="left" layout.alignV="center" layout.height="fill" layout.horizon="true" layout.width="fill" mouseThrough="true" showT="true" widthT="300" expandT="false">
			<shapeText content="{binding field=CustomerType}" itemID="10" layout.height="fill" layout.width="auto" showT="true" expandT="true" />
		</layoutEleUI>
		<layoutEleUI drawBorder="false" enableCanvas="false" heightT="30" layout.alignH="left" layout.alignV="center" layout.height="fill" layout.horizon="true" layout.width="fill" mouseThrough="true" showT="true" widthT="300" expandT="false">
			<shapeText content="{binding field=CustomerRating}" itemID="11" layout.height="fill" layout.width="auto" showT="true" expandT="true" />
		</layoutEleUI>
		<layoutEleUI drawBorder="false" enableCanvas="false" heightT="30" layout.alignH="left" layout.alignV="center" layout.height="fill" layout.horizon="true" layout.width="fill" mouseThrough="true" showT="true" widthT="300" expandT="false">
			<shapeText content="{binding field=FollowupDate}" itemID="12" layout.height="fill" layout.width="auto" showT="true" expandT="true" />
		</layoutEleUI>
		<layoutEleUI drawBorder="false" enableCanvas="false" heightT="30" layout.alignH="left" layout.alignV="center" layout.height="fill" layout.horizon="true" layout.width="fill" mouseThrough="true" showT="true" widthT="300" expandT="false">
			<shapeText content="{binding field=Remarks}" itemID="13" layout.height="fill" layout.width="auto" showT="true" expandT="true" />
		</layoutEleUI>
		<layoutEleUI drawBorder="false" enableCanvas="false" heightT="30" layout.alignH="left" layout.alignV="center" layout.height="fill" layout.horizon="true" layout.width="fill" mouseThrough="true" showT="true" widthT="300" expandT="false">
			<shapeText content="{binding field=Description}" itemID="14" layout.height="fill" layout.width="auto" showT="true" expandT="true" />
		</layoutEleUI>
		<layoutEleUI drawBorder="false" enableCanvas="false" heightT="30" layout.alignH="left" layout.alignV="center" layout.height="fill" layout.horizon="true" layout.width="fill" mouseThrough="true" showT="true" widthT="300" expandT="false">
			<shapeText content="{binding field=FacebookPage}" itemID="15" layout.height="fill" layout.width="auto" showT="true" expandT="true" />
		</layoutEleUI>
		<layoutEleUI drawBorder="false" enableCanvas="false" heightT="30" layout.alignH="left" layout.alignV="center" layout.height="fill" layout.horizon="true" layout.width="fill" mouseThrough="true" showT="true" widthT="300" expandT="false">
			<shapeText content="{binding field=LinkedInPage}" itemID="16" layout.height="fill" layout.width="auto" showT="true" expandT="true" />
		</layoutEleUI>
		<layoutEleUI drawBorder="false" enableCanvas="false" heightT="30" layout.alignH="left" layout.alignV="center" layout.height="fill" layout.horizon="true" layout.width="fill" mouseThrough="true" showT="true" widthT="300" expandT="false">
			<shapeText content="{binding field=TwitterHandle}" itemID="17" layout.height="fill" layout.width="auto" showT="true" expandT="true" />
		</layoutEleUI>
		<layoutEleUI drawBorder="false" enableCanvas="false" heightT="30" layout.alignH="left" layout.alignV="center" layout.height="fill" layout.horizon="true" layout.width="fill" mouseThrough="true" showT="true" widthT="300" expandT="false">
			<shapeText content="{binding field=Industry}" itemID="18" layout.height="fill" layout.width="auto" showT="true" expandT="true" />
		</layoutEleUI>
		<layoutEleUI drawBorder="false" enableCanvas="false" heightT="30" layout.alignH="left" layout.alignV="center" layout.height="fill" layout.horizon="true" layout.width="fill" mouseThrough="true" showT="true" widthT="300" expandT="false">
			<shapeText content="{binding field=Country}" itemID="19" layout.height="fill" layout.width="auto" showT="true" expandT="true" />
		</layoutEleUI>
		<layoutEleUI drawBorder="false" enableCanvas="false" heightT="30" layout.alignH="left" layout.alignV="center" layout.height="fill" layout.horizon="true" layout.width="fill" mouseThrough="true" showT="true" widthT="300" expandT="false">
			<shapeText content="{binding field=Region}" itemID="20" layout.height="fill" layout.width="auto" showT="true" expandT="true" />
		</layoutEleUI>
		<layoutEleUI drawBorder="false" enableCanvas="false" heightT="30" layout.alignH="left" layout.alignV="center" layout.height="fill" layout.horizon="true" layout.width="fill" mouseThrough="true" showT="true" widthT="300" expandT="false">
			<shapeText content="{binding field=City}" itemID="21" layout.height="fill" layout.width="auto" showT="true" expandT="true" />
		</layoutEleUI>
		<layoutEleUI drawBorder="false" enableCanvas="false" heightT="30" layout.alignH="left" layout.alignV="center" layout.height="fill" layout.horizon="true" layout.width="fill" mouseThrough="true" showT="true" widthT="300" expandT="false">
			<shapeText content="{binding field=StreetAddress}" itemID="22" layout.height="fill" layout.width="auto" showT="true" expandT="true" />
		</layoutEleUI>
		<layoutEleUI drawBorder="false" enableCanvas="false" heightT="30" layout.alignH="left" layout.alignV="center" layout.height="fill" layout.horizon="true" layout.width="fill" mouseThrough="true" showT="true" widthT="300" expandT="false">
			<shapeText content="{binding field=PostalCode}" itemID="23" layout.height="fill" layout.width="auto" showT="true" expandT="true" />
		</layoutEleUI>
		<layoutEleUI drawBorder="false" enableCanvas="false" heightT="30" layout.alignH="left" layout.alignV="center" layout.height="fill" layout.horizon="true" layout.width="fill" mouseThrough="true" showT="true" widthT="300" expandT="false">
			<shapeText content="{binding field=LinkedInBio}" itemID="24" layout.height="fill" layout.width="auto" showT="true" expandT="true" />
		</layoutEleUI>
		<layoutEleUI drawBorder="false" enableCanvas="false" heightT="30" layout.alignH="left" layout.alignV="center" layout.height="fill" layout.horizon="true" layout.width="fill" mouseThrough="true" showT="true" widthT="300" expandT="false">
			<shapeText content="{binding field=Coordinator}" itemID="25" layout.height="fill" layout.width="auto" showT="true" expandT="true" />
		</layoutEleUI>
		<layoutEleUI drawBorder="false" enableCanvas="false" heightT="30" layout.alignH="left" layout.alignV="center" layout.height="fill" layout.horizon="true" layout.width="fill" mouseThrough="true" showT="true" widthT="300" expandT="false">
			<shapeText content="{binding field=CreatTime}" itemID="26" layout.height="fill" layout.width="auto" showT="true" expandT="true" />
		</layoutEleUI>
	</list_Item>
</xc_template_list>
