<?xml version="1.0" encoding="UTF-8"?>
<!--炫彩界面库-窗口布局文件-->
<head>
	<bindJsFile value="" />
</head>
<windowUI center="true" content="外贸客户管理软件(登录)" dragBorder="false" maxWindow="false" rect="20,20,401,297" showT="true" windowStyle="2031">
	<editUI name="编辑框_用户名" rect="180,88,100,20" showT="true" expandT="true" />
	<editUI name="编辑框_密码" rect="180,134,100,20" showT="true" expandT="true" />
	<buttonUI content="登录" name="按钮_登录" rect="125,201,160,48" showT="true" expandT="true" />
	<shapeText content="用户名:" layout.height="20" layout.width="auto" name="标签_用户名" nameTable="登录页" rect="88,87,42,20" showT="true" expandT="true" />
	<shapeText content="密码:" layout.height="20" layout.width="auto" name="标签_密码" nameTable="登录页" rect="90,130,30,20" showT="true" expandT="true" />
</windowUI>
